{
  "name": "marathomaton",
  "version": "0.1.19",
  "factorio_version": "0.14",
  "title": "Marathon Mod Automated",
  "author": "Benoit Girard & Afforess",
  "contributors": ["Wulfson", "KeepOnDigging", "gheift", "boweiliu"],
  "homepage": "",
  "description": "Automatically increases the resource costs of most recipes causing a marathon game. The will require the players to scale a larger factory and use rail to reach the end game. WARNING: Incompatible with marathon mod.",
  "dependencies": [
    "base >= 0.14.0",
    "? bobassembly >= 0.12.7",
    "? bobconfig >= 0.12.2",
    "? bobelectronics >= 0.12.6",
    "? bobenemies >= 0.12.6",
    "? boblibrary >= 0.12.3",
    "? boblogistics >= 0.12.7",
    "? bobmining >= 0.12.3",
    "? bobmodules >= 0.12.9",
    "? bobores >= 0.12.7",
    "? bobplates >= 0.12.10",
    "? bobpower >= 0.12.6",
    "? bobtech >= 0.12.4",
    "? bobwarfare >= 0.12.9",
    "? marathon < 0.0.1"
    ]
}
